seed,model,val_accuracy,accuracy,precision,recall,f1,n
0,baseline,0.9971421767087402,0.8081973030518098,0.9513100668293201,0.6988233460609367,0.8057502246181492,22544
0,adv_trained,0.9955544971024847,0.7931600425833925,0.924901185770751,0.6929011143146575,0.7922662271127545,22544
1,baseline,0.9980154004921806,0.8114797728885734,0.9688626679777123,0.6910309358684641,0.8066951696534158,22544
1,adv_trained,0.9969040247678018,0.7893452803406671,0.9271824138659903,0.6836281461856152,0.7869925992374972,22544
2,baseline,0.9976184805906169,0.8008782824698367,0.9259750867878292,0.7066936803553339,0.8016086975736951,22544
2,adv_trained,0.9963483369056124,0.7883250532292406,0.9262823902696986,0.6824592846567443,0.7858937544867193,22544
3,baseline,0.9971421767087402,0.8139638041163946,0.9682384823848238,0.6960180783916465,0.809864901622994,22544
3,adv_trained,0.9961101849646742,0.7916075230660042,0.9251594021114247,0.6897062261357438,0.7902678571428572,22544
4,baseline,0.998253552433119,0.7863289567068843,0.9682242990654205,0.6458349567521234,0.774832889262843,22544
4,adv_trained,0.9974597126299912,0.7924059616749468,0.925211223531866,0.6911867840723136,0.7912578055307761,22544
