model,threat_model,attack,eps,clean_accuracy_mean,robust_accuracy_mean,asr_mean,evasion_rate_mean,adv_recall_mean,adv_f1_mean,linf_mean,l2_mean,l0_mean,clean_accuracy_std,robust_accuracy_std,asr_std,evasion_rate_std,adv_recall_std,adv_f1_std,linf_std,l2_std,l0_std
baseline,unconstrained,FGSM,0.01,0.8041696238466998,0.7661195883605394,0.04729612822338901,0.05170700170723438,0.6520533000857165,0.7602625392512914,0.01000000451116151,0.07939938367652062,64.14239770185084,0.011121024885343295,0.011305541376857232,0.008484349867395243,0.010576206237415666,0.021552276791620084,0.015048013350337045,3.6718204672431726e-10,0.0030956880735192966,5.04091177999198
adv_trained,unconstrained,FGSM,0.01,0.7909687721788503,0.7838360539389638,0.00901957276124503,0.01670273879694536,0.6764902984493103,0.7808315730504221,0.010000004187411248,0.08192240702545325,68.28771853921887,0.0020554900852671034,0.0027900253132307298,0.0010823585690113038,0.001536769058775864,0.0055399049539910615,0.0036129941142823002,5.349425474907604e-10,0.00472580281935646,7.704518322025191
baseline,unconstrained,PGD,0.01,0.8041696238466998,0.7655340667139815,0.04802185315980886,0.05272008833718955,0.651351983168394,0.7596128298545892,0.010000004490488285,0.07915375180586963,64.2080237876153,0.011121024885343295,0.011211640239197873,0.008632394592954694,0.010655178352546845,0.021380859901363753,0.014932117273168935,3.720833514118731e-10,0.0030398965797829194,4.874928286452736
adv_trained,unconstrained,PGD,0.01,0.7909687721788503,0.7837828246983676,0.009086748262802572,0.01681541519789214,0.6764123743473857,0.7807699906550021,0.010000004146038133,0.08099248462258371,69.1016830257769,0.0020554900852671034,0.0027425832097336634,0.0010256280125390217,0.0014360604909989239,0.005464307843060161,0.0035566595233036745,5.16347461495432e-10,0.00445483989229575,7.111326486292864
baseline,unconstrained,CW-L2,0.01,0.8041696238466998,0.7655429382540809,0.04801095397724755,0.0526976969354878,0.6513675679887789,0.759624072002636,0.009533489541710485,0.038603175846556835,45.76441282077809,0.011121024885343295,0.011211736761954109,0.008614452058680335,0.010632596410451691,0.02138267742454634,0.014932864679837246,4.42639622186372e-05,0.0013591162852405613,3.9297847136476074
adv_trained,unconstrained,CW-L2,0.01,0.7909687721788503,0.7837828246983676,0.009086748262802572,0.01681541519789214,0.6764123743473857,0.7807699906550021,0.008871960542619326,0.023933533456425595,19.690090546331295,0.0020554900852671034,0.0027425832097336634,0.0010256280125390217,0.0014360604909989239,0.005464307843060161,0.0035566595233036745,0.0002895711037851979,0.0012464071160498864,1.2061748751711854
baseline,unconstrained,RandomSearch,0.01,0.8041696238466998,0.791847054648687,0.015330904201695828,0.007376751339042744,0.6826151328605938,0.7885516854217617,0.009855975431362358,0.04667261254446816,64.44278345594392,0.011121024885343295,0.012506417469131387,0.006285469462148135,0.002642793307390728,0.02422155110424576,0.0160406352826774,7.21678638119676e-06,0.0003532833946204796,0.3976454690554928
adv_trained,unconstrained,RandomSearch,0.01,0.7909687721788503,0.7881210078069553,0.0036011512548863103,0.006505076153174702,0.6835034676225357,0.785980085261192,0.00986447193223433,0.04717144609470948,65.87824915824916,0.0020554900852671034,0.0023989274352243847,0.0007060467528578395,0.0010688977894866185,0.005122465175079967,0.003167395482957611,1.3546254575458367e-05,0.0006689584019740289,0.9087095658586649
adv_trained,unconstrained,Transfer-PGD,0.01,0.7909687721788503,0.7858410220014195,0.006484170928792195,0.012034478461869825,0.6797007714486091,0.7832275212389757,0.010000004264786703,0.07229709627819805,53.06359369914738,0.0020554900852671034,0.002576949529502808,0.0008514471011357521,0.001547150474330477,0.005380883525990261,0.00338817625802251,4.468453947687289e-10,0.001444359376333593,2.177896837832503
baseline,unconstrained,FGSM,0.02,0.8041696238466998,0.7087828246983676,0.11839374795275381,0.12262554315090182,0.6032260578196836,0.702204600886576,0.020000007367643145,0.1606252544491527,65.81239429308745,0.011121024885343295,0.01140848667926581,0.023202130723447983,0.012188967081420454,0.018153004508282628,0.009542190577780201,1.104960273180107e-09,0.004977451485961097,3.9423603315142857
adv_trained,unconstrained,FGSM,0.02,0.7909687721788503,0.7764105748757985,0.018408216728390835,0.034263513891590255,0.664412062650978,0.7718374774101313,0.0200000080639427,0.16345679831020984,68.21398716939392,0.0020554900852671034,0.003170039754796446,0.0017193839649809698,0.002895713394319549,0.006155905413159332,0.004130645423006124,1.1425124404344722e-09,0.010502375539018567,8.438245230378177
baseline,unconstrained,PGD,0.02,0.8041696238466998,0.6919978708303762,0.1392335285840696,0.1323180100599764,0.5965245850541573,0.6880669391631702,0.020000007611233026,0.16028090438148407,67.10289905758846,0.011121024885343295,0.014648676427678007,0.02730894696855609,0.011393918430427787,0.01614988997053535,0.008326150818691333,1.205221700321772e-09,0.004316304781003617,3.548689839599189
adv_trained,unconstrained,PGD,0.02,0.7909687721788503,0.7757097232079488,0.019293497125437358,0.03589073139911684,0.6632899555832619,0.7709889253092388,0.02000000805319163,0.15939161612103847,68.95593622878815,0.0020554900852671034,0.0029672616179209684,0.0017050557978048875,0.0030285146079622773,0.00581984020878606,0.0038836573399718766,1.095864118511905e-09,0.010010948598022394,7.9203045188305214
baseline,unconstrained,CW-L2,0.02,0.8041696238466998,0.6918115684882895,0.13946578565156398,0.13236378062301313,0.5964934154133873,0.687926334257883,0.019034889313976913,0.09636045453864941,53.09587142323282,0.011121024885343295,0.014658438216129424,0.027295359475316756,0.011272226929872326,0.016123172719305925,0.008314654262078931,0.00019243770299798437,0.01214001957320414,4.9058963769523
adv_trained,unconstrained,CW-L2,0.02,0.7909687721788503,0.7756919801277501,0.0193158199264646,0.03591293517720283,0.663274370762877,0.7709709933110757,0.01757874344130462,0.05016582529195697,23.64587591189781,0.0020554900852671034,0.002938241491437488,0.0017033471826496157,0.0030186252891470427,0.005773066400301948,0.00384819023830065,0.0002442163445381223,0.003490470328512076,1.0517658335721378
baseline,unconstrained,RandomSearch,0.02,0.8041696238466998,0.7831884315117105,0.02608558810549615,0.015117522687374606,0.6773007091093275,0.7803341432181552,0.019702548929905923,0.0928309016134234,64.40618512532626,0.011121024885343295,0.013120000047675561,0.00996922208202714,0.004414978927415918,0.024456650394452002,0.01683465245699225,2.16936921664773e-05,0.0006212531507876608,0.6350954864626849
adv_trained,unconstrained,RandomSearch,0.02,0.7909687721788503,0.7852821149751597,0.007191171984164513,0.013192028345484136,0.6789059456089769,0.7825848086852066,0.019717466595146026,0.09422193860152302,65.8557307744793,0.0020554900852671034,0.002743479847984462,0.0010892415834975544,0.0016045074360753339,0.005620159369112144,0.0035846568534483566,1.740403891738032e-05,0.0005964360896054024,0.742838064852574
adv_trained,unconstrained,Transfer-PGD,0.02,0.7909687721788503,0.7812810503903478,0.012250694814640582,0.022756852853412717,0.67232915140653,0.7777465816479617,0.020000008148887277,0.14351643535413056,53.27883108783057,0.0020554900852671034,0.0031085856253497456,0.001415775847733556,0.0025126206729849357,0.006235389059709282,0.004060959261792974,1.4087163050272033e-09,0.002213353759510585,1.5185576649839865
baseline,unconstrained,FGSM,0.05,0.8041696238466998,0.35022178850248403,0.5642584191121078,0.335417244206308,0.45697810332735916,0.44496784241089704,0.050000011920605394,0.42978466780154695,75.1637416311806,0.011121024885343295,0.04812445203354351,0.061578381658447076,0.02559844515818514,0.022929529464660415,0.012698269706674809,4.558508639942893e-13,0.006299172616066296,2.0877061399612558
adv_trained,unconstrained,FGSM,0.05,0.7909687721788503,0.7543559261887863,0.046286261738798073,0.087085172993735,0.6280526766929011,0.7442567804342352,0.05000001191119756,0.4042250077809695,67.31854538580733,0.0020554900852671034,0.006373662887360673,0.008015416959246829,0.016009711896508173,0.011076932330640202,0.008309056335311026,1.557139011829855e-11,0.03206099323434435,10.191382148613453
baseline,unconstrained,PGD,0.05,0.8041696238466998,0.2689229950319375,0.6654658900977324,0.3677530436569743,0.434613886074963,0.40357446845235845,0.05000001192029306,0.41750722302766147,74.0199514775779,0.011121024885343295,0.012505984810538969,0.017943309441322993,0.01734511246675131,0.01401698433517579,0.007199394316219125,9.077856250684666e-13,0.004215167831195816,1.6012580879881722
adv_trained,unconstrained,PGD,0.05,0.7909687721788503,0.7517388218594748,0.04959508279267114,0.09240931617641827,0.624390243902439,0.741109003356408,0.050000011918525544,0.38330624698355403,68.34883706130256,0.0020554900852671034,0.006653610716672581,0.00835972233255703,0.01683411467603184,0.01167034078857525,0.008747406145713635,5.374196464532227e-12,0.02459467525119512,7.770027340014893
baseline,unconstrained,CW-L2,0.05,0.8041696238466998,0.2684882895670689,0.6660097272235144,0.3678174208537094,0.4345671316138081,0.4034053945354379,0.04626888412808294,0.23021669572080622,61.96077804781864,0.011121024885343295,0.012646084015954804,0.01801543962655679,0.017689722292523018,0.014127104558465714,0.00737376061489696,0.00024906565293308263,0.015903412263347246,3.2692209680187463
adv_trained,unconstrained,CW-L2,0.05,0.7909687721788503,0.7515436479772888,0.04984205654446529,0.09277236735854777,0.6241408867762799,0.7408802632855238,0.04341000503489262,0.11587432739175181,29.311207901538626,0.0020554900852671034,0.0067307895900508286,0.00842724590799373,0.017012927336048537,0.011818622946202513,0.00885562054481394,0.0009009433066219742,0.011324029744926634,3.8130885503497876
baseline,unconstrained,RandomSearch,0.05,0.8041696238466998,0.7658534421575586,0.04761746400774138,0.04314155216317788,0.6579131925504559,0.7616810651641772,0.049269689916617884,0.23194636270978702,64.58002194549263,0.011121024885343295,0.011214895230037356,0.009540162622657162,0.01471290127680615,0.02181297304197292,0.014850873934574547,2.5260299093805335e-05,0.0007030315461252286,0.5357992322722794
adv_trained,unconstrained,RandomSearch,0.05,0.7909687721788503,0.7756032647267566,0.0194312669306461,0.03590664623246352,0.6632899555832619,0.7708967770976064,0.04932733282370076,0.23483750631968703,65.74702145955018,0.0020554900852671034,0.004072872754699894,0.002750095071370477,0.004859543176860114,0.007671270657550851,0.005245866091262724,3.8056720340707096e-05,0.001006552032307113,0.3202278052555308
adv_trained,unconstrained,Transfer-PGD,0.05,0.7909687721788503,0.765888928317956,0.03170943651683622,0.05894853886736497,0.6474246084313878,0.7589272178466698,0.050000011920928955,0.3530221479060712,53.519842458827654,0.0020554900852671034,0.004124836855796911,0.004086808551117695,0.007640302276540979,0.007275916566339548,0.005245614814186638,0.0,0.006178803147301045,1.7820674943960069
baseline,unconstrained,FGSM,0.1,0.8041696238466998,0.1395848119233499,0.8259162287193169,0.641502306983635,0.24510247019403103,0.24072052682907302,0.10000002384098898,0.8440020108020885,72.78420250114216,0.011121024885343295,0.06188569636115934,0.07819042397618652,0.164441158051604,0.10888443536150424,0.09577869195222177,1.3114999758797213e-12,0.014245108825531401,2.3615418933959735
adv_trained,unconstrained,FGSM,0.1,0.7909687721788503,0.6975780695528744,0.11807260478727058,0.2189131519908743,0.5373801916932907,0.669165655354973,0.10000002380297505,0.7999420691845452,66.59119238179815,0.0020554900852671034,0.0037503117607056266,0.0037828144071013667,0.01118050732176004,0.009345923249232755,0.006248456527234115,2.843569105652068e-11,0.0541295940928398,8.608999452687957
baseline,unconstrained,PGD,0.1,0.8041696238466998,0.08982434350603265,0.8884840790075321,0.7718977830640765,0.15771838229564403,0.161732949378108,0.1000000238410649,0.8027088859201429,69.59793383549267,0.011121024885343295,0.05073718247125723,0.06248531269404768,0.12563981037814906,0.08915346527509967,0.08163359031492298,1.1713971200572055e-12,0.011501459171508015,2.329467971494043
adv_trained,unconstrained,PGD,0.1,0.7909687721788503,0.6603442157558552,0.1651270515859002,0.24041164144260452,0.5225901971479778,0.6369623952583495,0.10000002383360296,0.7624450360518211,72.9549754157437,0.0020554900852671034,0.02572229197740728,0.03300620408584177,0.007545868243669309,0.007363642095973212,0.015566552242366678,1.0415599893412918e-11,0.027645510536464912,4.200811496613588
baseline,unconstrained,CW-L2,0.1,0.8041696238466998,0.09190028388928317,0.8859094086744882,0.766594817726725,0.161411984726876,0.16484920048952506,0.07939981223102108,0.31605994504328305,56.22163035691834,0.011121024885343295,0.0543670115876434,0.06698372788184254,0.13476507623536055,0.09551677871257357,0.08674528383311286,0.002396792699908148,0.024483519550323896,1.9272608150450983
adv_trained,unconstrained,CW-L2,0.1,0.7909687721788503,0.6624556422995032,0.16246018158981754,0.23936598534132095,0.5233070988856854,0.6387457720466208,0.08952695886748505,0.27688405186304965,43.659734904447035,0.0020554900852671034,0.026457436689463792,0.03384134156865885,0.007287532109218825,0.007018491966933139,0.015820035999948558,0.00215685790979935,0.07515329165838369,10.85456858620012
baseline,unconstrained,RandomSearch,0.1,0.8041696238466998,0.6106192334989353,0.24040610757735736,0.11039017909579188,0.6115951063663991,0.6414082428397836,0.09858258347477658,0.4713581267897293,65.21569907714843,0.011121024885343295,0.019652899340416904,0.03221563834798084,0.02368021271619012,0.021805149328076156,0.011025900457315243,2.5064379555394844e-05,0.0016928836292452794,0.20653414238486473
adv_trained,unconstrained,RandomSearch,0.1,0.7909687721788503,0.7556600425833925,0.044644402327712204,0.08314065253607811,0.6307956050806515,0.7460907346602277,0.09859993937181924,0.4679622436441376,65.59150155708278,0.0020554900852671034,0.006206797901829813,0.006667294125273426,0.01341371570120284,0.011503508432007571,0.008252179649039423,3.8370711437206896e-05,0.0008410260745709067,0.22430557882367286
adv_trained,unconstrained,Transfer-PGD,0.1,0.7909687721788503,0.7195617459190915,0.09029795373231231,0.169847217563318,0.5711992519286215,0.6984176501039824,0.10000002384185791,0.6915634857954328,52.16162271225146,0.0020554900852671034,0.014560762309127563,0.016946151017713695,0.03497731859712961,0.026503039855356184,0.02055218170514697,0.0,0.010233333247216586,1.574083024839013
baseline,unconstrained,FGSM,0.2,0.8041696238466998,0.0006742370475514549,0.9995417735242846,0.9990579111412957,0.0011844463492558248,0.0013462536386516146,0.20000001259867917,1.6402583505964174,69.30810529997602,0.011121024885343295,0.0009065698298246502,0.0009628115411136803,0.0019776456721961456,0.001592590216127711,0.0018100679386904841,3.9766888751387755e-10,0.0147977830106366,1.2260997183968783
adv_trained,unconstrained,FGSM,0.2,0.7909687721788503,0.44281405251951733,0.44043035321257556,0.3891603117223176,0.42068105665082206,0.4621760206390545,0.2000000128933869,1.6602142196222256,71.22518912159182,0.0020554900852671034,0.028627499053010045,0.035689045877769165,0.03667683017323514,0.027312570024155474,0.026806141375830424,5.102081638699845e-10,0.0718247752632543,6.3404493182257555
baseline,unconstrained,PGD,0.2,0.8041696238466998,0.0,1.0,1.0,0.0,0.0,0.2000000109622722,1.5658272660662291,66.52931685773508,0.011121024885343295,0.0,0.0,0.0,0.0,0.0,2.683899090062836e-10,0.01579794807156099,1.256964643419227
adv_trained,unconstrained,PGD,0.2,0.7909687721788503,0.15836586231369765,0.7998169684279766,0.6165355760373583,0.2639601028598145,0.2620641968164829,0.20000001230392778,1.4130410577468415,73.40633138309038,0.0020554900852671034,0.026015108760816256,0.03266288532275544,0.07399126473914447,0.051652736133676026,0.04550534237449358,2.0372924308610318e-10,0.08058720536608474,4.6498443550446735
baseline,unconstrained,CW-L2,0.2,0.8041696238466998,0.0,1.0,1.0,0.0,0.0,0.10343286615641052,0.3779439532276917,53.3745536499453,0.011121024885343295,0.0,0.0,0.0,0.0,0.0,0.004970953232673681,0.015608079256767115,2.2169451020278403
adv_trained,unconstrained,CW-L2,0.2,0.7909687721788503,0.1866305890702626,0.7640834751378132,0.5891030293858933,0.2827709810644432,0.2832381283679803,0.18555296724804476,0.47851132289910814,32.50943659549573,0.0020554900852671034,0.015181632793517077,0.018645984461313787,0.04013051443484543,0.028640017536140396,0.024069749839833024,0.001491244967462251,0.009567279226788279,1.4040942427726268
baseline,unconstrained,RandomSearch,0.2,0.8041696238466998,0.3209190915542938,0.6009263379728533,0.2044766528325411,0.5468401776669524,0.47817715504696495,0.19709506895768794,0.9375520167598772,65.59607779422835,0.011121024885343295,0.011296217741562028,0.013026242458294703,0.028732996220053392,0.02158318981248395,0.012818029851476129,5.3257016775396375e-05,0.0029978446735825356,0.17044329257448806
adv_trained,unconstrained,RandomSearch,0.2,0.7909687721788503,0.5448811213626685,0.3111022688005315,0.19360449185118334,0.5548351905244292,0.5812497471647329,0.19721538929366306,0.9371711211763161,65.1415355327359,0.0020554900852671034,0.017240897253805135,0.022496380445701826,0.020786798469009403,0.01717005909801768,0.009369480771769759,4.930847439098905e-05,0.0011481184078234808,0.11080342765989186
adv_trained,unconstrained,Transfer-PGD,0.2,0.7909687721788503,0.6397622427253371,0.19124363551138235,0.299052551227389,0.48245928465674437,0.6030646211597461,0.2000000118535617,1.4355758144870592,56.33564759489441,0.0020554900852671034,0.021528556506725364,0.026371368482602867,0.06074913181017046,0.04457185745941525,0.032969830318957116,6.668299084834894e-10,0.06950183455356516,4.960102570375243
baseline,feasible,FGSM,0.01,0.8041696238466998,0.8034421575585522,0.0009079298949192241,0.0015478619653454828,0.6866204316995247,0.7989064495720002,0.010129139216293844,0.012878143013227358,1.6927793339558044,0.011121024885343295,0.011354159070382779,0.0004550483729095472,0.0009169926022792322,0.024190545643789096,0.01449070452010195,7.897608087515264e-05,0.0006442489930316072,0.14789285884252273
adv_trained,feasible,FGSM,0.01,0.7909687721788503,0.7906760113555713,0.00036989378800523674,0.0005429250063568308,0.6876022753837762,0.7890126084463255,0.010174788805918817,0.01203518644266409,1.5404273504273505,0.0020554900852671034,0.001972795950846097,0.00024577958069741654,0.0003120974667622955,0.004567708529495159,0.0026715367890084458,0.0011537472878365058,0.0028135247517975365,0.5751707798232206
baseline,feasible,PGD,0.01,0.8041696238466998,0.8034421575585522,0.0009079298949192241,0.0015478619653454828,0.6866204316995247,0.7989064495720002,0.010129139216293844,0.012878143013227358,1.6927793339558044,0.011121024885343295,0.011354159070382779,0.0004550483729095472,0.0009169926022792322,0.024190545643789096,0.01449070452010195,7.897608087515264e-05,0.0006442489930316072,0.14789285884252273
adv_trained,feasible,PGD,0.01,0.7909687721788503,0.7906760113555713,0.00036989378800523674,0.0005429250063568308,0.6876022753837762,0.7890126084463255,0.010174788805918817,0.012035783024995073,1.5904273504273505,0.0020554900852671034,0.001972795950846097,0.00024577958069741654,0.0003120974667622955,0.004567708529495159,0.0026715367890084458,0.0011537472878365058,0.002813914314326216,0.6078799282416166
baseline,feasible,CW-L2,0.01,0.8041696238466998,0.8037704045422286,0.000498404676477478,0.0007949871533208929,0.6871347307722278,0.7992967504304461,0.006637592064310806,0.00731479990885171,1.3828282828282827,0.011121024885343295,0.011261239959340277,0.00036648873712316545,0.000674056594619242,0.02409165736692221,0.014369276784501159,0.0010929085292938057,0.0017492416826798227,0.34529354154645064
adv_trained,feasible,CW-L2,0.01,0.7909687721788503,0.7908445706174592,0.00015695949915320293,0.00013596099021099764,0.6878828021507053,0.7892142397839055,0.009249097605546316,0.009570893017921283,1.1,0.0020554900852671034,0.0020328219959415386,0.0001277488308290507,0.00012411963814871186,0.004666541300496227,0.0027428964024506014,0.000893083041908791,0.0013695459022255892,0.19999999999999996
baseline,feasible,RandomSearch,0.01,0.8041696238466998,0.8035220014194465,0.0008089137060875998,0.0014594010045816924,0.6866827709810644,0.7989854428450276,0.008336719195557455,0.009380370704671523,1.4730583426235602,0.011121024885343295,0.011372478777254804,0.00040278024298160347,0.0008318501016979243,0.02424375230138017,0.014518916322575764,0.0003600272821423157,0.00033337186209195935,0.311983211670557
adv_trained,feasible,RandomSearch,0.01,0.7909687721788503,0.7906848828956707,0.0003587087312410736,0.0005204328786015453,0.6876178602041612,0.7890233714374755,0.009084763404650566,0.009566696739317019,1.3996581196581197,0.0020554900852671034,0.0019858185038469584,0.0002551882884457726,0.00033390426983573,0.004589392228556026,0.0026869948555365026,0.0010095409310758089,0.0011543497295269044,0.32955207936656905
adv_trained,feasible,Transfer-PGD,0.01,0.7909687721788503,0.7908002129169625,0.0003362593729515328,0.0004975966146143335,0.6878048780487804,0.7891605856297506,0.01015088806549708,0.012191673684690648,1.5222222222222221,0.0020554900852671034,0.0019394513690305744,0.00024065394518722047,0.00034312773866701957,0.004510721970607914,0.002630605379073093,0.0011713695275046127,0.0029511693671693605,0.49899590537422944
baseline,feasible,FGSM,0.02,0.8041696238466998,0.8012508871540099,0.0036364502812371163,0.006603013938222544,0.6831606015740668,0.7962932438184228,0.02760159621586277,0.03676389110433763,2.1033469592881597,0.011121024885343295,0.011586516668461628,0.0007613903905075176,0.0019308612272854796,0.02464127183030243,0.014891654807217871,0.0024806764880680524,0.003204161103703217,0.16976956282519512
adv_trained,feasible,FGSM,0.02,0.7909687721788503,0.7886178140525195,0.002972213612366086,0.005571762184246391,0.6841424452583185,0.7865333369015662,0.030515065903536153,0.037476098971079404,1.9202637125756141,0.0020554900852671034,0.0021030415718108096,0.000671767528559594,0.0013434051430588696,0.004611895692289949,0.0027964711977595024,0.0016395488793820125,0.002461341242633683,0.26080349285312826
baseline,feasible,PGD,0.02,0.8041696238466998,0.8011976579134139,0.0037021343628138316,0.0066476169712287895,0.683129431933297,0.7962424225445498,0.027447314498648918,0.03636346751458837,2.070057278633228,0.011121024885343295,0.011549215414706267,0.0007206244849024013,0.0019035711592049502,0.02462275854027343,0.014861446702632775,0.002402129471583438,0.0031656559988770265,0.17283616560598608
adv_trained,feasible,PGD,0.02,0.7909687721788503,0.7886266855926188,0.0029610292038280738,0.005549262672410901,0.6841580300787033,0.7865441090330711,0.030321714211221172,0.03660997170038198,1.9169498476073237,0.0020554900852671034,0.0021234786879818445,0.0007142497072291301,0.0014348859345715591,0.004644629473169576,0.0028205166029917662,0.0020841919665712124,0.003198186708355279,0.2831918203845103
baseline,feasible,CW-L2,0.02,0.8041696238466998,0.8032381121362668,0.0011604425922540182,0.0017229603585040818,0.6864957531364452,0.7987126402115702,0.016100384931977803,0.018220508205314893,1.6013513513513513,0.011121024885343295,0.011274118468725749,0.0006927968362193169,0.0012145059587404937,0.02404437786667642,0.014390365184407346,0.004848087044254118,0.005118812927086405,0.22752118035279872
adv_trained,feasible,CW-L2,0.02,0.7909687721788503,0.7904542228530873,0.0006507427055411826,0.0009977513041586783,0.6872905789760773,0.7887600269325588,0.023964109066404216,0.02578426461271825,1.5036134453781513,0.0020554900852671034,0.0021432161014953827,0.0002594967679487628,0.0004922348282563262,0.0047953405882538765,0.0028639560249783423,0.004539097593343931,0.00420831117283053,0.2992895145322218
baseline,feasible,RandomSearch,0.02,0.8041696238466998,0.8016501064584812,0.003138925445423694,0.0056265035934376624,0.6838307488506195,0.7967784151873909,0.02304570286669074,0.025122878077787673,1.543112427274495,0.011121024885343295,0.011512750412680937,0.0006571201087986353,0.0016759105635852315,0.02461320063083826,0.014807151347097511,0.0033564843580694845,0.002942732060884689,0.1409265025727358
adv_trained,feasible,RandomSearch,0.02,0.7909687721788503,0.7887952448545067,0.0027477171997525055,0.005186079137461725,0.6844073872048625,0.7867395352799528,0.02877510675474661,0.030523624413071177,1.5576697230758065,0.0020554900852671034,0.0020202485694378854,0.0005829921891947434,0.0011728823398613514,0.004516573982276135,0.0027074032021399395,0.0029994158278095506,0.003452626039117856,0.2025227132601934
adv_trained,feasible,Transfer-PGD,0.02,0.7909687721788503,0.7891501064584812,0.0026023747526592827,0.004939268649284531,0.6849840255591054,0.7871621010145475,0.03118456049421154,0.03972778512467528,2.0815753887762,0.0020554900852671034,0.0021102800144676523,0.0007927287215434868,0.0015785703299287792,0.004704125138382488,0.0028206699816641185,0.0006400238172951502,0.002387943812241113,0.2331255396964289
baseline,feasible,FGSM,0.05,0.8041696238466998,0.7939673527324344,0.012724141435861838,0.023415180523708973,0.6717057585911322,0.7875096317663046,0.0598866858166542,0.09227453575559189,2.8786410261179785,0.011121024885343295,0.013752904565947055,0.0038805502526543913,0.009507468025636609,0.02819829819533127,0.018016815598353487,0.0018493381021198756,0.004119650387200599,0.18131824404234015
adv_trained,feasible,FGSM,0.05,0.7909687721788503,0.7837828246983676,0.009087921317079634,0.017318732162825423,0.6760695082989169,0.7806778540900506,0.060543173132452166,0.09226011434821813,2.7485886467235763,0.0020554900852671034,0.003603991509906226,0.0026241000526837145,0.00501812259259422,0.006823811425417129,0.004573735424386679,0.0022622522598774422,0.008640708688984016,0.3806105178973284
baseline,feasible,PGD,0.05,0.8041696238466998,0.7934084457061745,0.013413485612767997,0.023707864215412412,0.671503155926128,0.7870035707234633,0.05945131492710894,0.09090647183918726,2.8685229195472703,0.011121024885343295,0.013345720235079852,0.003481337708414859,0.009299549424836333,0.028122267509730528,0.017714936979490836,0.0023513907143646153,0.007856049646421129,0.3246130826585155
adv_trained,feasible,PGD,0.05,0.7909687721788503,0.7835432931156848,0.009390554699532127,0.017929365963862215,0.6756487181485233,0.7803820882726548,0.060557488251118285,0.09141072003403271,2.827819613385689,0.0020554900852671034,0.0035410394187064755,0.0025818336505777665,0.004920719154928693,0.0067020617008835826,0.004494129919907938,0.001787768630908799,0.006903387457662371,0.2726357909012161
baseline,feasible,CW-L2,0.05,0.8041696238466998,0.79874911284599,0.006752932167698481,0.011962896629926638,0.6794825839632198,0.7933688583415139,0.04339300012229758,0.05608059533016878,2.1270362423470557,0.011121024885343295,0.011979371700821261,0.0016150305856948643,0.004017313497809295,0.024867887282724033,0.015378766526864032,0.003572994340233018,0.005173771680167306,0.13318659713326553
adv_trained,feasible,CW-L2,0.05,0.7909687721788503,0.7869410929737402,0.005094775785244955,0.009458108408780908,0.6814774409724927,0.7845373211008944,0.04569934807115672,0.051779801478186616,1.539701589061345,0.0020554900852671034,0.0033958130250398583,0.0022504743545697595,0.004399937713749227,0.006649305213764851,0.004339293047527709,0.004919786007019555,0.0077796212312549965,0.2366409315373683
baseline,feasible,RandomSearch,0.05,0.8041696238466998,0.7951472675656495,0.011241274892380772,0.019357386946132628,0.6744486869788826,0.7891758923020437,0.05147222664131483,0.06289874069942188,2.151653259567518,0.011121024885343295,0.012669828114357337,0.002820312304748289,0.0074186112995894985,0.02662174046927275,0.016633772920729466,0.003143177855718051,0.005126890572837783,0.16425934132431524
adv_trained,feasible,RandomSearch,0.05,0.7909687721788503,0.7843860894251242,0.008325345677791288,0.01584769546280255,0.6770825216239383,0.7814122999242535,0.052255736412713215,0.0635246261582868,2.15436329627338,0.0020554900852671034,0.003462373549848572,0.0022340993754503156,0.004172414031633148,0.0066769634027310796,0.004420536119030944,0.003929269181298348,0.005011691857052787,0.08683196863853125
adv_trained,feasible,Transfer-PGD,0.05,0.7909687721788503,0.7858410220014195,0.007248269132295407,0.013830891013358626,0.6788747759682069,0.7830178859880268,0.05987952998455752,0.08984996940777742,2.7338148918091205,0.0020554900852671034,0.003142516901004043,0.001801349762175846,0.0033856527186410935,0.0063776486010677655,0.004019591932035912,0.003538283691561459,0.008161593118449622,0.3410811353764917
baseline,feasible,FGSM,0.1,0.8041696238466998,0.78263839602555,0.0268202792719758,0.04808675565515186,0.6547338891919271,0.7739689597962641,0.10479008782192882,0.16997717751300334,2.8375539235304745,0.011121024885343295,0.014471199267209262,0.005710549901735171,0.013833014002219543,0.028266982741714002,0.019055302476140453,0.000729610692644437,0.005613766526866556,0.1637602441721147
adv_trained,feasible,FGSM,0.1,0.7909687721788503,0.7771469127040455,0.017556651724197955,0.03311303418167435,0.6653159822333048,0.7726503645711442,0.10476254418004409,0.16409397385326657,2.6622452949771906,0.0020554900852671034,0.0040209221778934046,0.003195600250902351,0.005996495426460222,0.007589703521280832,0.005149060915649521,0.001371073802060386,0.009344378625951987,0.3026879758118718
baseline,feasible,PGD,0.1,0.8041696238466998,0.7810503903477644,0.02879650314410488,0.049626506701494474,0.6536741214057508,0.7724032329148136,0.10468360700008954,0.16821705373144127,2.8883685505904055,0.011121024885343295,0.013745126600801153,0.005047861410710794,0.014007483279071909,0.02824534261,0.01855024322349173,0.0009400474684809457,0.011409361614100662,0.265653640870342
adv_trained,feasible,PGD,0.1,0.7909687721788503,0.7762508871540099,0.018610517171559114,0.03508136546953774,0.6638510091171199,0.7715593396685019,0.10479688022951447,0.16636995935361193,2.9175867149924537,0.0020554900852671034,0.0037250433776700913,0.0028338972321397394,0.005122466322679202,0.00701109088923439,0.004770449986764396,0.0009003366306930462,0.0052375811082748264,0.20713999082033246
baseline,feasible,CW-L2,0.1,0.8041696238466998,0.7885911994322214,0.019403921820866393,0.03390390726928979,0.6644276474713628,0.7813524988488227,0.07102770381347374,0.10008993508799746,2.446818755183762,0.011121024885343295,0.013434196635770522,0.004208946260620811,0.010416291326373553,0.026194010393388922,0.017335071599660728,0.0032522513009669318,0.006936726323800217,0.17701772993395148
adv_trained,feasible,CW-L2,0.1,0.7909687721788503,0.7809528034066714,0.01266495507978665,0.023703422360372577,0.6716745889503624,0.7773175455011045,0.07010354043642171,0.08807969082739822,2.1138764343252747,0.0020554900852671034,0.003541039418706478,0.0028961547886215775,0.005277868990054448,0.00660072801028488,0.004475793578385725,0.003347185891178331,0.006831717833437189,0.39559910048010566
baseline,feasible,RandomSearch,0.1,0.8041696238466998,0.7856458481192334,0.023072198269532874,0.039184044346305506,0.6609054780643653,0.7779860013904438,0.08642120284681432,0.11272927965554054,2.4764988174020446,0.011121024885343295,0.013805032880937438,0.004717574525287096,0.012548707046241512,0.029531055141450192,0.018878383154437184,0.002647790668616418,0.007267052611301551,0.1964615545205946
adv_trained,feasible,RandomSearch,0.1,0.7909687721788503,0.7774751596877219,0.017063185610974908,0.03225201903120157,0.665799111665238,0.7730359781289913,0.0856644856540913,0.11140712183922044,2.528500309244186,0.0020554900852671034,0.004171110036693518,0.0035242707052396856,0.006526741092751378,0.007733432228066956,0.0052943716617014705,0.0013681870124915214,0.0027434968171538257,0.09607931723593913
adv_trained,feasible,Transfer-PGD,0.1,0.7909687721788503,0.7804826117814052,0.015649291104314646,0.029576842295132817,0.6686043793345282,0.7761542963412431,0.10272357673145138,0.16503374707562632,2.838388972774038,0.0020554900852671034,0.003771761121961856,0.0026964919075969417,0.0050736816524181785,0.0071875005246730475,0.004317541795042561,0.0012985051834083718,0.010799251007125346,0.3192423836316282
baseline,feasible,FGSM,0.2,0.8041696238466998,0.7412437899219304,0.07823774217291679,0.09101428699036679,0.6253565027663056,0.7333259306788872,0.1998293305897795,0.3199815003372421,2.6454977286988743,0.011121024885343295,0.01933737819024622,0.02382235562906474,0.018940561764201707,0.030658821739796283,0.019170050231391657,0.000507680380131728,0.00959434369458615,0.17527266065759622
adv_trained,feasible,FGSM,0.2,0.7909687721788503,0.7693843151171043,0.02790341626949322,0.04714058411442995,0.6564014649731161,0.7641686292437354,0.2000709177587651,0.31252814232557163,2.5506627131520703,0.0020554900852671034,0.0029448636051187965,0.003088350273109408,0.0034184082329121027,0.005451235117906853,0.0035942899483947612,5.9279832892602854e-05,0.014904926490230513,0.2378471180039813
baseline,feasible,PGD,0.2,0.8041696238466998,0.7282824698367636,0.094285150647785,0.09691686843042122,0.6211953557235252,0.7224705932207002,0.19987822698952568,0.3215957437108967,2.9189825344230673,0.011121024885343295,0.02362849394249294,0.029897922226806994,0.019278247534824114,0.029647811640537085,0.020392131017452214,0.0005098371873491537,0.009521486021019359,0.10326516224246547
adv_trained,feasible,PGD,0.2,0.7909687721788503,0.7662437899219304,0.0313007068066833,0.05200768206274494,0.6522091482895659,0.7605623752877145,0.19844359712620294,0.3081023235124115,3.004866960667283,0.0020554900852671034,0.002395397969308879,0.0032477658187611788,0.0021660663103939166,0.00418888256101092,0.0026750514628111994,0.0009734411735317272,0.013535762901447663,0.24131960082326978
baseline,feasible,CW-L2,0.2,0.8041696238466998,0.7407913413768631,0.07870018034802022,0.07557966979217139,0.6357515779630639,0.736487495124288,0.1440883773016854,0.2073683045295279,2.6720372439401348,0.011121024885343295,0.025016260513833048,0.032700795889844265,0.015417140219930129,0.025920840806140575,0.01991933295921041,0.016906546742992076,0.019869567059045978,0.06892467986459566
adv_trained,feasible,CW-L2,0.2,0.7909687721788503,0.7724183818310859,0.023449562215597443,0.038256315721041455,0.6616535494428427,0.7679748508331137,0.10965113447343948,0.13653012030647163,2.2595011876454985,0.0020554900852671034,0.002508583857330104,0.0033735740984625374,0.0025462602381005894,0.0042082622482029625,0.002786971008175933,0.011118125915476755,0.010790653015436231,0.14025493798701785
baseline,feasible,RandomSearch,0.2,0.8041696238466998,0.7474893541518808,0.07048053920239622,0.08265280709061304,0.6309982077456557,0.7397755852549355,0.1736370880992041,0.22495026262870788,2.607354586273909,0.011121024885343295,0.019621091195275876,0.020837334318568795,0.018059410612271898,0.02946317404004683,0.020913917814455323,0.0033801561572518977,0.00780522979885783,0.08414468988256905
adv_trained,feasible,RandomSearch,0.2,0.7909687721788503,0.7685858765081618,0.028296610004736246,0.04782231016721849,0.6550767552403959,0.7631817189340093,0.16451039154259595,0.21216206414732067,2.6734313331941335,0.0020554900852671034,0.0023877054271356957,0.002507306351817235,0.002475176591534324,0.00493899899868703,0.00300953792655326,0.003413944624790741,0.004064186679843694,0.08923500978157617
adv_trained,feasible,Transfer-PGD,0.2,0.7909687721788503,0.7746894960965223,0.02471857569422433,0.041023842718841554,0.6617782280059222,0.7698091793461199,0.19949802734144714,0.3256981251520348,3.0528353269094537,0.0020554900852671034,0.005581372773415325,0.003392635271770192,0.0036578155222283092,0.0048043858427799045,0.004539692907492803,0.0015180549381209629,0.01583010949641087,0.2758800658500795
